<?xml version="1.0" encoding="UTF-8"?>
<configuration>
    <appender name="CONSOLE" class="ch.qos.logback.core.ConsoleAppender">
        <encoder>
            <pattern>%d{HH:mm:ss} %highlight(%-5level) %cyan(%logger{20}) - %msg%n</pattern>
        </encoder>
    </appender>

    <!-- Reduce noise from AWS SDK -->
    <logger name="software.amazon.awssdk" level="WARN"/>
    <logger name="org.apache.http" level="WARN"/>
    
    <root level="INFO">
        <appender-ref ref="CONSOLE"/>
    </root>
</configuration>

